311-10JRCT-ND,1,,
311-100JRCT-ND,4,,
A116011CT-ND,1,,
311-240LRCT-ND,1,,
YAG3137CT-ND,1,,
YAG3248CT-ND,1,,
311-1336-1-ND,8,,
311-1341-1-ND,7,,
311-1.50KLRCT-ND,3,,
311-100KLRCT-ND,8,,
311-10KJRCT-ND,19,,
311-10.0KLRCT-ND,1,,
445-2664-1-ND,1,,
1276-1119-1-ND,4,,
587-2985-6-ND,1,,
SRN6045-100MCT-ND,1,,
YAG4172CT-ND,1,,
478-5127-1-ND,1,,
887-2555-1-ND,1,,
490-5926-1-ND,2,,
311-1.0KJRCT-ND,5,,
587-1231-1-ND,5,,
311-2.7KJRCT-ND,1,,
1206SFF200F/63-2CT-ND,1,,
NTR5103NT1GOSDKR-ND,5,,
445-8047-1-ND,4,,
P510ADCT-ND,2,,
311-1029-1-ND,4,,
311-6.49KCRCT-ND,1,,
311-62.0KLRCT-ND,1,,
311-1674-1-ND,1,,
AZ1117EH-3.3TRG1DICT-ND,2,,
BAT54SLT1GOSCT-ND,5,,
BSS314PE H6327CT-ND,3,,
DB2J31000LCT-ND,3,,
311-120JRCT-ND,2,,
296-26093-1-ND,1,,
296-6607-1-ND,1,,
MCP25612FD-H/SL-ND,1,,
MMBT3904LT3GOSCT-ND,1,,
MMBT3904LT3GOSCT-ND,1,,
568-10731-1-ND,3,,
SMF14A-TPMSCT-ND,1,,
SBR2U30P1DICT-ND,1,,
TH8056KDC-AAA-008-RETR-ND,1,,
296-44151-1-ND,1,,
